created_utc,# comments,score
1550308103,132,569
1550315773,69,1433
1550325999,40,1212
1550332925,96,823
1550335175,116,519
1550370474,35,899
1550412444,260,1328
1550468282,68,753
1550496474,34,1001
1550515304,91,808
1550554606,42,1344
1550605747,244,788
1550655448,230,685
1550681705,83,1165
1550729632,533,797
1550742469,193,547
1550744036,85,1072
1550767592,131,818
1550775195,91,1189
1550823584,210,829
1550851377,89,853
1550854202,54,1596
1550916538,42,587
1550938734,109,772
1550995721,171,529
1551037258,53,1046
1551074954,66,1255
1551132896,48,665
1551164273,193,1843
1551212264,98,1301
1551261243,95,1291
1551299065,108,555
1551356348,85,1548
1551425522,704,723
1551435670,88,1049
1551463139,75,992
1551511305,55,736
1551544935,126,1804
1551600543,99,709
1551645023,98,601
1551704178,301,2981
1551781727,239,782
1551805189,249,2539
1551863907,186,1291
1551949099,253,561
1551974463,439,1142
1552044322,266,2762
1552054105,97,506
1552131181,94,1130
1552170891,48,1242
1552229940,137,2026
1552291426,86,1633
1552370032,64,782
1552395489,151,1345
1552459993,93,1130
1552495275,51,603
1552512530,71,819
1552570160,336,764
1552583288,570,661
1552634489,75,878
1552654075,144,1763
1552657505,124,725
1552730795,278,643
1552746266,52,643
1552758501,32,817
1552809252,84,1487
1552841997,37,1618
1552925023,65,1942
1552927050,133,1237
1552986172,368,1041
1553017680,265,716
1553027906,264,628
1553076708,234,638
1553094247,410,739
1553155209,206,3985
1553180888,388,787
1553238390,318,541
1553257755,211,1151
1553271780,148,647
1553326329,65,734
1553339715,194,666
1553344413,235,2537
1553413009,117,1613
1553443310,39,714
1553491622,866,649
1553501107,82,1832
1553580301,127,1349
1553598872,108,559
1553603299,352,904
1553618362,73,1186
1553670573,305,752
1553686413,333,802
1553731344,125,964
1553790674,444,1859
1553856433,142,2094
1553946732,240,882
1554015094,52,504
1554033293,77,1014
1554038399,29,1000
1554044262,20,726
1554096500,84,1474
1554111539,17,723
1554132669,250,757
1554190701,204,2321
1554269877,53,684
1554293397,207,664
1554299316,72,1004
1554355652,144,1255
1554370283,75,702
1554385165,38,524
1554391117,43,1215
1554470824,96,1146
1554515446,63,1019
1554559895,73,928
1554588706,36,831
1554623747,166,656
1554642261,289,517
1554702499,48,700
1554719907,65,869
1554738263,189,646
1554747659,191,529
1554785841,174,617
1554825294,358,610
1554830651,170,719
1554854311,194,777
1554890405,298,822
1554902041,276,1916
1554976224,44,1068
1554987821,128,890
1554991129,124,859
1555016475,88,1468
1555051178,119,1569
1555076392,59,1278
1555143526,120,1164
1555177474,122,1815
1555229105,33,515
1555246807,131,1052
1555263912,86,1573
1555323058,185,833
1555348076,629,6170
1555353432,2524,2776
1555410172,148,1581
1555440187,146,2240
1555442649,125,1196
1555444282,126,870
1555445904,67,1149
1555477131,215,1311
1555501842,93,948
1555515399,346,2843
1555570033,237,506
1555585449,282,1177
1555624485,272,932
1555658185,171,1603
1555701354,46,761
1555784241,155,1058
1555790563,226,1272
1555832500,91,1080
1555877321,29,1444
1555919109,101,513
1555930224,155,1806
1555934708,35,722
1555951642,96,527
1556001560,155,583
1556021595,206,901
1556056121,31,645
1556093034,381,513
1556099462,155,917
1556147881,137,874
1556212404,691,1101
1556262942,208,1124
1556267452,75,601
1556285390,60,613
1556299211,253,821
1556349940,59,787
1556383229,47,813
1556481654,150,858
1556518464,298,710
1556521844,58,544
1556558420,387,629
1556610426,30,627
1556623449,455,522
1556636578,50,731
1556720438,214,1053
1556777891,111,673
1556801680,65,702
1556806454,271,681
1556834941,365,823
1556858618,60,1196
1556874314,94,606
1556907695,85,596
1556927809,848,629
1556958459,61,729
1557001258,41,1040
1557070979,122,780
1557074938,221,1591
1557129071,249,712
1557137924,150,618
1557149906,126,1065
1557212467,210,1920
1557300939,411,1367
1557315740,250,1072
1557349872,56,1351
1557395309,310,1161
1557432787,87,1889
1557480260,338,971
1557497757,110,908
1557517861,334,1064
1557562031,98,887
1557590107,53,675
1557598739,141,830
1557668311,96,955
1557745661,196,628
1557750997,69,700
1557764523,229,747
1557817828,421,604
1557866784,72,1965
1557915628,182,1329
1557936987,187,2242
1557985528,54,667
1558017328,254,1946
1558070717,304,867
1558097530,95,1447
1558246009,76,518
1558256115,226,760
1558277766,457,1179
1558282304,38,649
1558364601,196,1089
1558437073,229,581
1558503503,69,680
1558530346,23,672
1558534916,57,947
1558595248,52,525
1558595331,145,769
1558622485,61,1147
1558678938,103,873
1558696502,315,1526
1558702500,238,1092
1558771343,87,1392
1558849904,569,1136
1558872503,22,639
1558873035,55,1702
1558934098,150,1578
1558969463,112,1167
1558971291,17,804
1559030622,379,791
1559038969,25,506
1559069772,176,1243
1559130253,282,1156
1559130313,192,968
1559200957,105,780
1559213250,157,562
1559236656,241,1224
1559373659,225,991
1559461274,254,1417
1559462042,173,1014
1559503327,213,1061
1559547040,144,1013
1559553282,113,592
1559588937,1411,1129
1559628975,89,869
1559630321,152,762
1559669191,121,1154
1559720765,493,831
1559803648,109,545
1559816218,106,525
1559831968,31,969
1559913701,125,1285
1560015567,120,987
1560072012,159,1226
1560080357,87,539
1560112018,225,1602
1560156870,279,967
1560158477,80,606
1560179233,126,1974
1560241182,84,973
1560254366,228,1813
1560317224,273,1495
1560323720,76,728
1560358213,198,648
1560404958,270,781
1560407088,142,775
1560442997,206,648
1560535426,308,1870
1560614844,78,594
1560641451,287,1819
1560680608,79,1592
1560718580,39,769
1560766033,713,2153
1560827594,54,1146
1560866153,179,609
1560924218,692,610
1560937647,191,1178
1560977086,82,610
1561001929,135,646
1561011942,222,1134
1561060047,159,1025
1561106125,292,761
1561113248,116,771
1561200723,180,576
1561228621,91,735
1561288851,165,1632
1561307015,26,704
1561323485,257,2153
1561361720,474,1360
1561423042,55,841
1561444263,59,877
1561445322,258,614
1561483647,75,1182
1561536921,187,576
1561559946,173,2408
1561637751,269,1848
1561651611,187,1780
1561666579,201,600
1561718669,158,1734
1561725039,289,828
1561786497,30,918
1561822212,291,564
1561886677,178,3078
1561968448,66,1490
1562007562,259,1558
1562056273,61,871
1562085864,401,1015
1562140990,676,2329
1562219075,133,1134
1562231500,176,556
1562241402,552,872
1562270132,381,1316
1562323949,343,2154
1562329741,208,1756
1562366525,142,730
1562386003,115,539
1562397579,57,871
1562438608,262,829
1562472382,73,1280
1562512466,363,2720
1562576423,695,931
1562664013,376,943
1562674259,384,776
1562746362,141,2506
1562829414,301,526
1562849653,46,768
1562904154,1116,546
1562948131,250,931
1563000068,132,1516
1563054030,97,1877
1563091511,129,588
1563093996,194,3167
1563123510,57,1132
1563192625,134,830
1563215620,122,804
1563259504,132,1072
1563280671,468,737
1563289052,226,2040
1563350561,144,691
1563364435,130,1582
1563369274,110,871
1563436925,175,754
1563462169,106,638
1563473952,85,697
1563517521,97,1039
1563596003,250,1167
1563629832,50,574
1563646313,84,1669
1563695658,64,922
1563699729,67,519
1563704654,52,2035
1563711348,22,875
1563782405,215,635
1563825755,284,2009
1563876437,398,1689
1563891701,377,2727
1563959654,145,544
1563987739,292,634
1563994374,54,507
1564038482,392,639
1564082271,39,909
1564093847,127,526
1564127008,230,810
1564158074,33,876
1564211756,31,578
1564214062,140,1591
1564233219,218,2444
1564302096,51,804
1564320291,235,1001
1564330794,130,1132
1564380170,124,1996
1564463365,44,930
1564500515,99,645
1564520657,291,589
1564558000,185,777
1564567170,141,628
1564574668,44,1221
1564587757,36,507
1564636170,85,1054
1564651182,81,1757
1564729001,420,1117
1564741579,106,624
1564769992,94,1099
1564815770,76,1140
1564821532,40,549
1564823889,54,809
1564831162,20,721
1564854618,105,1222
1564864750,52,641
1564901186,152,570
1564901369,59,588
1564909370,203,1607
1564987145,99,1589
1565066569,36,1237
1565078880,507,1052
1565126084,38,559
1565177071,671,641
1565193762,242,742
1565208402,252,569
1565248725,703,514
1565261557,84,746
1565295967,84,1212
1565347267,74,1087
1565354082,331,1180
1565382115,102,1270
1565427665,198,2400
1565504343,257,562
1565513948,89,639
1565525051,203,1027
1565587854,114,1525
1565638760,162,1036
1565678823,272,2038
1565722266,29,585
1565766528,94,1350
1565800656,116,598
1565813313,192,1156
1565868380,390,1405
1565885806,103,1787
1565936976,49,600
1565965558,60,1304
1566018683,90,926
1566032326,103,1423
1566068213,72,3211
1566134216,174,2188
1566204940,88,726
1566216686,89,933
1566277358,111,804
1566313232,139,898
1566358633,138,730
1566381064,93,830
1566413795,184,906
1566420649,166,930
1566472360,214,1344
1566545717,428,945
1566562228,193,700
1566641342,91,934
1566654496,29,1368
1566681951,199,855
1566723822,279,4747
1566748219,22,682
1566800886,162,566
1566815037,156,992
1566834578,118,2245
1566884268,92,1060
1566892813,258,606
1566917270,197,2004
1566979743,446,1543
1566995668,119,1798
1567059155,83,994
1567079359,76,1112
1567083574,434,607
1567150977,146,587
1567181130,132,1525
1567247427,135,761
1567272645,185,728
1567321814,211,1109
1567384816,91,3972
1567489523,152,1576
1567540395,105,539
1567581163,232,748
1567609188,275,514
1567620295,102,585
1567669248,188,578
1567690537,130,769
1567751108,237,3987
1567845905,227,1089
1567867372,56,655
1567872720,34,1591
1567937745,285,1492
1567965593,98,979
1568006923,71,581
1568038989,47,543
1568059225,117,1589
1568121398,227,960
1568206729,187,1178
1568280142,111,1493
1568359193,229,1875
1568375902,416,666
1568413203,51,1310
1568459851,80,941
1568476645,115,614
1568500516,85,1679
1568542607,72,1329
1568548374,29,1991
1568611398,78,1407
1568655236,148,529
1568675849,177,899
1568699304,123,1624
1568752843,81,623
1568788054,450,596
1568794209,30,1034
1568849565,116,1178
1568878706,213,1923
1568904312,119,919
1569047919,136,770
1569061746,40,1749
1569141665,43,1645
1569168133,70,927
1569189032,264,3147
1569209241,149,2122
1569226198,152,663
1569319275,191,1077
1569383335,81,1123
1569436055,153,768
1569478291,183,520
1569492047,902,2353
1569566858,135,510
1569599936,180,1465
1569646451,73,1745
1569669494,75,1226
1569707438,84,947
1569725171,143,627
1569753381,62,1283
1569757849,41,1528
1569821024,393,569
1569832932,317,794
1569834948,55,708
1569840637,44,868
1569877683,184,1056
1569933199,77,2260
1569974775,38,1113
1570001889,116,860
1570031919,70,523
1570063066,48,1497
1570078461,296,976
1570114586,91,1228
1570187462,223,2059
1570217363,237,622
1570304127,99,872
1570357785,111,986
1570383607,75,1203
1570449015,184,960
1570461151,153,1698
1570463531,93,512
1570523695,489,3401
1570607807,163,610
1570616524,188,1999
1570620719,62,1303
1570694212,205,520
1570703680,187,755
1570716872,33,834
1570772545,215,569
1570819545,432,728
1570856866,23,594
1570876254,79,1527
1570884485,44,600
1570889403,22,692
1570908128,166,1726
1570940095,41,958
1570962650,223,1370
1570981554,32,917
1570997823,97,1481
1571045356,317,1204
1571113408,268,903
1571145381,75,744
1571176142,559,2302
1571228301,54,1128
1571299273,440,1469
1571354953,46,2233
1571418118,176,851
1571426517,247,1896
1571464783,139,695
1571486247,86,936
1571549875,126,1401
1571564085,238,813
1571582700,37,734
1571598418,96,877
1571635204,30,1253
1571688136,105,1092
1571736642,21,618
1571745798,644,504
1571834569,242,1652
1571868098,788,572
1571903239,113,2195
1571981403,75,583
1571999014,227,854
1572073698,38,1103
1572096544,42,1220
1572130929,58,995
1572167010,112,1224
1572183868,33,686
1572215663,118,639
1572247836,178,1358
1572248126,63,535
1572344507,621,914
1572369015,139,919
1572384283,74,936
1572428101,155,1974
1572515323,78,1048
1572572387,81,2687
1572618252,77,531
1572651859,385,3253
1572715245,82,1386
1572776388,81,916
1572796631,136,2269
1572862302,260,628
1572883915,220,880
1572955828,99,2405
1573034797,57,1195
1573106427,507,1077
